{
  "type": 2,
  "data": {
    "node": {
      "type": 0,
      "childNodes": [
        {
          "type": 1,
          "name": "html",
          "publicId": "",
          "systemId": "",
          "id": 2
        },
        {
          "type": 2,
          "tagName": "html",
          "attributes": {
            "lang": "en"
          },
          "childNodes": [
            {
              "type": 2,
              "tagName": "body",
              "attributes": {
                  "style":"margin: 0;"
              },
              "childNodes": [
                {
                   "type":2,
                   "tagName":"img",
                   "attributes":{
                      "src":"data:image/jpeg;base64,BASE64_JPG_REPLACE",
                      "width":"100%",
                      "height":"auto"
                   },
                   "childNodes":[
                      
                   ],
                   "needDelete":false,
                   "id":155
                }
              ],
              "needDelete": false,
              "id": 548
            }
          ],
          "needDelete": false,
          "id": 3
        }
      ],
      "id": 1
    },
    "initialOffset": {
      "left": 0,
      "top": 0
    }
  },
  "timestamp": TIMESTAMP_REPLACE
}
